BEtimeless,unique,4
BEtimeless,fun,4
BEtimeless,accessory,4
BEtimeless,quirky,3
BEtimeless,hippie,3
BEtimeless,pink,1
BEtimeless,headband,1
BEtimeless,hair,1
BEtimeless,accessories,1
mytreasuretrailer,necklace,2
mytreasuretrailer,turquoise,1
mytreasuretrailer,stone,1
mytreasuretrailer,sterling_silver,1
mytreasuretrailer,necklaces,1
mytreasuretrailer,jewelry,1
mytreasuretrailer,gemstones,1
mytreasuretrailer,gemstone,1
NCogNeeto,art,2
NCogNeeto,trees,1
NCogNeeto,tree,1
NCogNeeto,redwood_forest,1
NCogNeeto,redwood,1
NCogNeeto,photography,1
NCogNeeto,national_forest,1
NCogNeeto,landscape,1
NCogNeeto,forest,1
NCogNeeto,fine_art_photography,1
NCogNeeto,california,1
yoyosam,toys,1
yoyosam,sports,1
JLSmith526,jewelry,1
mihittu,yellow,1
mihittu,pokemon,1
mihittu,pikachu,1
mihittu,knitting_supplies,1
mihittu,knitting_needles,1
mihittu,knitting,1
mihittu,knitted,1
mihittu,hat,1
Oddjunque,valentine,1
Oddjunque,supplies,1
Oddjunque,holidays,1
Oddjunque,decoration,1
dodgepodge,photography,1
dodgepodge,film,1
dodgepodge,art,1
mooncusser,photography,1
mooncusser,landscape,1
mooncusser,art,1
npartnsoul,drawing,2
npartnsoul,portrait,1
npartnsoul,pencil_drawing,1
npartnsoul,original_portraits,1
npartnsoul,oprah_portrait,1
npartnsoul,oprah,1
npartnsoul,nicole_putty,1
npartnsoul,jeleata_nicole,1
npartnsoul,colored_pencil,1
npartnsoul,celebrities,1
npartnsoul,art,1
oscmedia,painting,1
oscmedia,oil,1
oscmedia,art,1
oscmedia,acrylic,1
BlueTriceratops,vintage_look,1
BlueTriceratops,trendy,1
BlueTriceratops,supplies,1
BlueTriceratops,sewing,1
BlueTriceratops,purse,1
BlueTriceratops,pink,1
BlueTriceratops,knitting,1
BlueTriceratops,kit,1
BlueTriceratops,handbag,1
BlueTriceratops,floral,1
BlueTriceratops,fabriknit,1
BlueTriceratops,fabric_knitting,1
BlueTriceratops,fabric,1
BlueTriceratops,cranston,1
annekepinkstar,painting,2
annekepinkstar,yard_art,1
annekepinkstar,vintage,1
annekepinkstar,upcycled,1
annekepinkstar,unique,1
annekepinkstar,sculpture,1
annekepinkstar,recycled,1
annekepinkstar,plant_markers,1
annekepinkstar,phone,1
annekepinkstar,pennys,1
annekepinkstar,natural_art,1
annekepinkstar,mixed_media_original,1
annekepinkstar,mixed_media,1
annekepinkstar,melted_record,1
annekepinkstar,housewares,1
annekepinkstar,honey_bee,1
annekepinkstar,home_decor,1
annekepinkstar,garden,1
annekepinkstar,cool,1
annekepinkstar,bling,1
annekepinkstar,bird_feeder,1
annekepinkstar,art,1
annekepinkstar,acrylic,1
kitschandcandy,wedding,1
kitschandcandy,paper_goods,1
kitschandcandy,handwritten,1
kitschandcandy,handwriting,1
kitschandcandy,envelopes,1
kitschandcandy,address,1
SageCrush,acrylic_painting,2
SageCrush,whimsy,1
SageCrush,twisted_shore,1
SageCrush,surreal,1
SageCrush,painting_surreal,1
SageCrush,painting_shoreline,1
SageCrush,painting_red_white,1
SageCrush,painting_red_brown,1
SageCrush,painting_red_blue,1
SageCrush,painting_red,1
SageCrush,painting_of_water,1
SageCrush,painting_ocean,1
SageCrush,painting_green,1
SageCrush,painting_blue,1
SageCrush,painting,1
SageCrush,original_painting,1
SageCrush,one_of_a_kind,1
SageCrush,flat_canvas,1
SageCrush,carribean_seas,1
SageCrush,canvas,1
SageCrush,art,1
SageCrush,abstract_painting,1
SageCrush,abstract,1
SweatpantBandit,sweatpants,6
SweatpantBandit,womens,2
SweatpantBandit,small,2
SweatpantBandit,pants,2
SweatpantBandit,grey,2
SweatpantBandit,blue,2
SweatpantBandit,black,2
SweatpantBandit,women,1
SweatpantBandit,clothing,1
aydenaricDESIGNS,monthly_calendar,3
aydenaricDESIGNS,frame_calendar,3
aydenaricDESIGNS,family_calendar,3
aydenaricDESIGNS,dry_erase_calendar,3
aydenaricDESIGNS,11x14_calendar,3
aydenaricDESIGNS,calendar,2
aydenaricDESIGNS,wall_calendar,1
aydenaricDESIGNS,personal_calendar,1
aydenaricDESIGNS,paper_goods,1
MaAndNa,embroidery,2
MaAndNa,womens,1
MaAndNa,women,1
MaAndNa,roses,1
MaAndNa,present,1
MaAndNa,mum,1
MaAndNa,love,1
MaAndNa,hearts,1
MaAndNa,girls,1
MaAndNa,gilrs,1
MaAndNa,flowers,1
MaAndNa,cute,1
MaAndNa,cheeky,1
MaAndNa,buttons,1
MaAndNa,bags_and_purses,1
MaAndNa,bags,1
MaAndNa,bag,1
Deathero,spray_paints,1
Deathero,painting,1
Deathero,death_god,1
Deathero,art,1
Deathero,abstract,1
madewithlove317,hat,1
madewithlove317,crochet,1
madewithlove317,baby,1
newhappymummy,knitting,1
newhappymummy,crochet,1
newhappymummy,clothing,1
newhappymummy,children,1
newhappymummy,boy,1
newhappymummy,booties,1
newhappymummy,baby,1
aviena,vintage,2
aviena,wooden_toy,1
aviena,vintage_toy,1
aviena,toy,1
aviena,red_hen,1
aviena,pull_toy,1
aviena,katy_kackler,1
aviena,hen,1
aviena,fisher_price,1
aviena,animal,1
aviena,140,1
RebeccaBeitAharon,woman,1
RebeccaBeitAharon,water,1
RebeccaBeitAharon,summer,1
RebeccaBeitAharon,red,1
RebeccaBeitAharon,portrait,1
RebeccaBeitAharon,painting,1
RebeccaBeitAharon,original_painting,1
RebeccaBeitAharon,oil_painting,1
RebeccaBeitAharon,oil,1
RebeccaBeitAharon,oasis,1
RebeccaBeitAharon,jung,1
RebeccaBeitAharon,dream,1
RebeccaBeitAharon,circle,1
RebeccaBeitAharon,canvas,1
RebeccaBeitAharon,bible,1
RebeccaBeitAharon,art,1
EmilyJohnson842,wire,1
EmilyJohnson842,vanilla,1
EmilyJohnson842,unique,1
EmilyJohnson842,shapes,1
EmilyJohnson842,sculpture,1
EmilyJohnson842,sauce,1
EmilyJohnson842,plants_and_edibles,1
EmilyJohnson842,mini,1
EmilyJohnson842,kitchen,1
EmilyJohnson842,homemade,1
EmilyJohnson842,glass_bottle,1
EmilyJohnson842,gift,1
EmilyJohnson842,food,1
EmilyJohnson842,cooking,1
EmilyJohnson842,colorful,1
EmilyJohnson842,art,1
EmilyJohnson842,alluminum,1
DivaCraft,pouch,2
DivaCraft,cosmetic,2
DivaCraft,zipper,1
DivaCraft,zip,1
DivaCraft,travel,1
DivaCraft,tote,1
DivaCraft,quilted,1
DivaCraft,ladies,1
DivaCraft,bags_and_purses,1
DivaCraft,bag,1
SweetDreamsbyGranny,toddler,1
SweetDreamsbyGranny,princess,1
SweetDreamsbyGranny,pillowcase,1
SweetDreamsbyGranny,pillow,1
SweetDreamsbyGranny,monogram,1
SweetDreamsbyGranny,housewares,1
SweetDreamsbyGranny,green_lime,1
SweetDreamsbyGranny,frogs,1
SweetDreamsbyGranny,frog,1
SweetDreamsbyGranny,custom,1
SweetDreamsbyGranny,cotton_fabric,1
SweetDreamsbyGranny,children,1
SweetDreamsbyGranny,boy_girl,1
SweetDreamsbyGranny,blue,1
SweetDreamsbyGranny,bedding,1
SweetDreamsbyGranny,baby,1
HoldFastLeather,veg_tan,1
HoldFastLeather,ship,1
HoldFastLeather,nautical,1
HoldFastLeather,natural,1
HoldFastLeather,leathercraft,1
HoldFastLeather,leather,1
HoldFastLeather,lanyard,1
HoldFastLeather,keyring,1
HoldFastLeather,keyfob,1
HoldFastLeather,keychain,1
HoldFastLeather,hold_fast,1
HoldFastLeather,handsewn,1
HoldFastLeather,anchor,1
HoldFastLeather,accessories,1
MissAlaynus,watch,1
MissAlaynus,necklace,1
MissAlaynus,jewelry,1
MissAlaynus,glass,1
MissAlaynus,bracelet,1
MissAlaynus,beaded,1
MissAlaynus,accessories,1
DipIn,gorgeous,4
DipIn,fun,4
DipIn,chain,4
DipIn,beautiful,4
DipIn,bead,4
DipIn,pink,3
DipIn,handmade,3
DipIn,vibrant,2
DipIn,purple,2
DipIn,pretty,2
DipIn,necklace,2
DipIn,neck,2
DipIn,grey,2
DipIn,beaded,2
DipIn,vibrany,1
DipIn,red,1
DipIn,lovely,1
DipIn,jewelry,1
DipIn,gold,1
DipIn,colour,1
DipIn,black,1
DipIn,amazing,1
CosyStyle,relax,15
CosyStyle,hippie,15
CosyStyle,gypsy,15
CosyStyle,comfortable,15
CosyStyle,casual,15
CosyStyle,yoga,12
CosyStyle,summer,8
CosyStyle,strapless,8
CosyStyle,bohem_boho,8
CosyStyle,beige,8
CosyStyle,vintage,7
CosyStyle,summer_beach,7
CosyStyle,boho,7
CosyStyle,authentic,7
CosyStyle,tunic,5
CosyStyle,ethnic_authentic,4
CosyStyle,beach_swimming_pool,4
CosyStyle,beach,4
CosyStyle,skirt,3
CosyStyle,ethnic,3
CosyStyle,women,2
CosyStyle,two_layers,2
CosyStyle,long_black_dress,2
CosyStyle,dress,2
CosyStyle,unique,1
CosyStyle,peace,1
CosyStyle,hip_bag,1
CosyStyle,clothing,1
CosyStyle,bags_and_purses,1
dorasaura,woodworking,1
dorasaura,carving,1
TrulyStunningDesigns,patterns,1
TrulyStunningDesigns,food,1
TrulyStunningDesigns,amigurumi,1
lfairey,upcycled,6
lfairey,recycled,6
lfairey,recreated,6
lfairey,chairs,4
lfairey,antique_chair,3
lfairey,accent_chair,3
lfairey,table,2
lfairey,solid_wood_chair,2
lfairey,side_table,2
lfairey,side_chair,2
lfairey,shabby_chic,2
lfairey,furniture,2
lfairey,accent_chairs,2
lfairey,wood,1
lfairey,vintage,1
lfairey,upcycled_chair,1
lfairey,stools,1
lfairey,solid_wood_table,1
lfairey,solid_wood_chairs,1
lfairey,silver,1
lfairey,side_chairs,1
lfairey,side,1
lfairey,recreated_chair,1
lfairey,painted_furniture,1
lfairey,folding_chairs,1
lfairey,distressed_furniture,1
lfairey,dining_room_chairs,1
lfairey,dining_room_chair,1
lfairey,decorative_chairs,1
lfairey,chair,1
lfairey,arm_chairs,1
lfairey,antique_table,1
lfairey,antique,1
DreaminTurtleDesigns,mixed_media,2
DreaminTurtleDesigns,art,2
DreaminTurtleDesigns,stamping,1
DreaminTurtleDesigns,painting,1
DreaminTurtleDesigns,mixed_media_original,1
ramcdonald,logo,1
ramcdonald,everything_else,1
ramcdonald,custom,1
dee004,white,1
dee004,weddings,1
dee004,wedding_gown,1
dee004,wedding_dress,1
dee004,summer,1
dee004,custom_made,1
dee004,clothing,1
dee004,chiffon,1
dee004,bridal_gown,1
dee004,beach,1
missfrostypaws,vintage,1
missfrostypaws,jewelry,1
missfrostypaws,brooch,1
UniqueSisters,metal,1
UniqueSisters,jewelry,1
UniqueSisters,glass,1
UniqueSisters,earrings,1
karoocafe,distressed,4
karoocafe,white,3
karoocafe,blue,3
karoocafe,baby,3
karoocafe,shabby_chic,2
karoocafe,shabby,2
karoocafe,heart,2
karoocafe,chic,2
karoocafe,woodworking,1
karoocafe,wood,1
karoocafe,wall_hanging,1
karoocafe,wall_decor,1
karoocafe,ultrasound,1
karoocafe,sleep,1
karoocafe,sign,1
karoocafe,planes,1
karoocafe,plane,1
karoocafe,pic,1
karoocafe,painted,1
karoocafe,home_decor,1
karoocafe,frame,1
karoocafe,boy,1
cpicheco,art,1
gooddeals99,miniature,1
gooddeals99,dolls_and_miniatures,1
gooddeals99,diorama,1
HLPStudio,baby,8
HLPStudio,newborn,7
HLPStudio,prop,5
HLPStudio,child,5
HLPStudio,adult,5
HLPStudio,toddler,4
HLPStudio,pom,3
HLPStudio,flower,3
HLPStudio,cap,3
HLPStudio,skirt,2
HLPStudio,photo,2
HLPStudio,hat,2
HLPStudio,hair,2
HLPStudio,fun,2
HLPStudio,crochet,2
HLPStudio,clip,2
HLPStudio,character,2
HLPStudio,beanie,2
HLPStudio,yellow,1
HLPStudio,yarn,1
HLPStudio,tail,1
HLPStudio,stripe,1
HLPStudio,stocking,1
HLPStudio,square,1
HLPStudio,spider,1
HLPStudio,sock,1
HLPStudio,set,1
HLPStudio,sage,1
HLPStudio,ruffles,1
HLPStudio,princess,1
HLPStudio,pointy,1
HLPStudio,pixie,1
HLPStudio,petti,1
HLPStudio,peach,1
HLPStudio,novelty,1
HLPStudio,monkey,1
HLPStudio,mohawk,1
HLPStudio,long,1
HLPStudio,large,1
HLPStudio,kitty,1
HLPStudio,kids,1
HLPStudio,jester,1
HLPStudio,hello,1
HLPStudio,green,1
HLPStudio,gnome,1
HLPStudio,elf,1
HLPStudio,ear_flaps,1
HLPStudio,diva,1
HLPStudio,diaper,1
HLPStudio,daisy,1
HLPStudio,custom,1
HLPStudio,creative,1
HLPStudio,cream,1
HLPStudio,cover,1
HLPStudio,clothing,1
HLPStudio,cat,1
HLPStudio,buttons,1
HLPStudio,button,1
HLPStudio,bow,1
HLPStudio,blue,1
HLPStudio,bloom,1
HLPStudio,barette,1
HLPStudio,accessory,1
HLPStudio,accessories,1
WayneMorganphoto,photography,2
WayneMorganphoto,nature,2
WayneMorganphoto,wildlife,1
WayneMorganphoto,water,1
WayneMorganphoto,trees,1
WayneMorganphoto,sunsets,1
WayneMorganphoto,southeast_georgia,1
WayneMorganphoto,solitude,1
WayneMorganphoto,satilla_river,1
WayneMorganphoto,river,1
WayneMorganphoto,colors,1
WayneMorganphoto,art,1
ZoeTrust,zoe_moon,5
ZoeTrust,purse,5
ZoeTrust,overnighter,4
ZoeTrust,hip_bag,4
ZoeTrust,faux_fur,4
ZoeTrust,celebrity,4
ZoeTrust,baby_bag,4
ZoeTrust,celebrity_diaper_bag,3
ZoeTrust,best_diaper_bags,3
ZoeTrust,bag,3
ZoeTrust,trendy,2
ZoeTrust,faux_fur_diaper_bag,2
ZoeTrust,faux_fur_bag,2
ZoeTrust,diaper_bag,2
ZoeTrust,designer_bag,2
ZoeTrust,changing_bag,2
ZoeTrust,trendy_diaper_bag,1
ZoeTrust,trendy_bag,1
ZoeTrust,fur_bag,1
ZoeTrust,faux_fur_hip_bag,1
ZoeTrust,embroidered_bag,1
ZoeTrust,designer_diaper_bag,1
ZoeTrust,changing_blanket,1
ZoeTrust,celebrity_bags,1
ZoeTrust,celebrity_bag,1
ZoeTrust,brown_diaper_bag,1
ZoeTrust,best_bags,1
ZoeTrust,bags_and_purses,1
krasosg,vintage,1
krasosg,toy,1
millymollymorley,slogan_baby_vest,1
millymollymorley,new_baby_gift,1
millymollymorley,funky_baby_gift_box,1
millymollymorley,children,1
millymollymorley,bodysuit,1
millymollymorley,baby,1
claysmith,stoneware,2
claysmith,mug,1
claysmith,cup,1
claysmith,ceramics_and_pottery,1
samwlf,wool,1
samwlf,warm,1
samwlf,recycled,1
samwlf,mittens,1
samwlf,knitting,1
samwlf,handmade,1
comclo,mens_jewelry,2
comclo,leather_bracelet,2
comclo,bracelet,2
comclo,womens_jewelry,1
comclo,trout_hat_pin,1
comclo,trout_bracelet,1
comclo,rainbow_trout_pin,1
comclo,rainbow_trout,1
comclo,pewter_jewelry,1
comclo,metal_jewelry,1
comclo,leather_jewelry,1
comclo,jewelry,1
comclo,harley_flying_skull,1
comclo,harley_davidson,1
comclo,handmade_leather,1
comclo,handmade_bracelet,1
comclo,flyfishing_bracelet,1
comclo,fishing_bracelet,1
comclo,custom_leather,1
comclo,custom_bracelet,1
CarlitaCreations,rug,1
CarlitaCreations,romantic_style,1
CarlitaCreations,light_salmon,1
CarlitaCreations,housewares,1
CarlitaCreations,doily_rug,1
CarlitaCreations,decorative_rugs,1
CarlitaCreations,decoration,1
CarlitaCreations,crochet_doily,1
CarlitaCreations,crochet,1
CarlitaCreations,bedroom,1
CarlitaCreations,bathroom,1
CarlitaCreations,bath_rug,1
kkarminakatt,notebook,1
kkarminakatt,journal,1
kkarminakatt,jewelry,1
kkarminakatt,earrings,1
kkarminakatt,books_and_zines,1
kkarminakatt,beaded,1
adriennecrowther,raku_urns,1
adriennecrowther,raku_urn,1
adriennecrowther,pet_urns,1
adriennecrowther,pet_urn,1
adriennecrowther,pet_cremation_urns,1
adriennecrowther,pet_cremation_urn,1
adriennecrowther,cremation_urns,1
adriennecrowther,cremation_urn,1
adriennecrowther,ceramics_and_pottery,1
CreativeAddictionSC,skirts,1
CreativeAddictionSC,ruffle_pants,1
CreativeAddictionSC,robes,1
CreativeAddictionSC,dresses,1
CreativeAddictionSC,diaper_covers,1
CreativeAddictionSC,clothing,1
CreativeAddictionSC,children,1
CreativeAddictionSC,bloomers,1
celesteann7,everything_else,1
celesteann7,custom,1
WeDabble,texture_paste,2
WeDabble,summer,2
WeDabble,painting,2
WeDabble,trees,1
WeDabble,sand,1
WeDabble,palm_trees,1
WeDabble,palm_tree,1
WeDabble,palm,1
WeDabble,paintings,1
WeDabble,ocean,1
WeDabble,folk_art,1
WeDabble,canvas_art,1
WeDabble,canvas,1
WeDabble,beach_painting,1
WeDabble,beach,1
WeDabble,art,1
jbwallis734,vintage_tableware,1
jbwallis734,vintage,1
jbwallis734,upscale_dinnerware,1
jbwallis734,high_end_housewares,1
jbwallis734,fine_china,1
jbwallis734,antique_china,1
jbwallis734,antique,1
jbwallis734,50_to_75_years,1
leonlashway,wallet,2
leonlashway,unc,1
leonlashway,duct_tape,1
leonlashway,college,1
leonlashway,basketball,1
leonlashway,accessories,1
nicxox,jewelry,1
nicxox,earrings,1
NeMoen,necklace,2
NeMoen,gold_fill_necklace,2
NeMoen,gold_fill,2
NeMoen,earrings,2
NeMoen,yellow_stone,1
NeMoen,yellow_lariat,1
NeMoen,yellow_earrings,1
NeMoen,wire_wrapped,1
NeMoen,white_necklace,1
NeMoen,white_jewelry,1
NeMoen,white_agate,1
NeMoen,semi_precious,1
NeMoen,long_necklace,1
NeMoen,long_earrings,1
NeMoen,lemon_stone_lariat,1
NeMoen,lemon_stone,1
NeMoen,lemon_quartz_lariat,1
NeMoen,lemon_quartz_faceted,1
NeMoen,lemon_quartz,1
NeMoen,lemon_necklace,1
NeMoen,lemon_gem,1
NeMoen,lemon_earrings,1
NeMoen,lariat_lemon_quartz,1
NeMoen,lariat,1
NeMoen,jewelry,1
NeMoen,gold_necklace,1
NeMoen,gold_fill_lariat,1
NeMoen,gold,1
NeMoen,fashion_jewelry,1
NeMoen,faceted_white_agate,1
NeMoen,faceted_lemon_quartz,1
NeMoen,chandeliers,1
NeMoen,chandelier_earrings,1
NeMoen,chandelier,1
NeMoen,agate_necklace,1
NeMoen,14k_gold_fill,1
buffllamas,illustration,1
buffllamas,digital,1
buffllamas,art,1
Katiefistler,cycling_hats,12
Katiefistler,cycling_caps,12
Katiefistler,cycling,11
Katiefistler,bicycle_caps,9
Katiefistler,wool_cycling_caps,8
Katiefistler,bicycle_hats,8
Katiefistler,wool_cycling_hats,7
Katiefistler,wool,7
Katiefistler,bicycle,7
Katiefistler,wool_bicycle_hats,6
Katiefistler,wool_bicycle_caps,5
Katiefistler,pacifier,3
Katiefistler,hats,3
Katiefistler,caps,3
Katiefistler,bicycling_hats,3
Katiefistler,bicycling_caps,3
Katiefistler,bicycling,3
Katiefistler,baby_pacifier_clip,3
Katiefistler,baby,3
Katiefistler,wool_bicycling_hats,2
Katiefistler,wool_bicycling_caps,2
Katiefistler,pacifier_clip,2
Katiefistler,corduroy,2
Katiefistler,children,2
Katiefistler,hat,1
Katiefistler,cycing,1
Katiefistler,accessories,1
KromansSupplies,teaching_supplies,1
KromansSupplies,teaching_resources,1
KromansSupplies,preschool,1
KromansSupplies,pecs,1
KromansSupplies,non_verbal,1
KromansSupplies,kindergarten,1
KromansSupplies,homeschool,1
KromansSupplies,flashcards,1
KromansSupplies,file_folder_games,1
KromansSupplies,everything_else,1
KromansSupplies,educational,1
KromansSupplies,early_elementary,1
KromansSupplies,autism,1
KromansSupplies,alphabet,1
memlane,vintage,2
memlane,tin_can,2
memlane,canister,2
memlane,tin_canister,1
memlane,serving,1
memlane,olympics,1
memlane,old,1
memlane,milky_way_canister,1
memlane,mars_milky_way,1
memlane,kisses,1
memlane,hersheys_kisses,1
memlane,hersheys,1
memlane,collectibles,1
memlane,collectable,1
memlane,chocolate,1
memlane,antique,1
Signaturesigns,woodworking,1
Signaturesigns,wall_hanging,1
Signaturesigns,home_decor,1
HairTings,flower,3
HairTings,child,3
HairTings,baby,3
HairTings,toddler,2
HairTings,newborn,2
HairTings,headband,2
HairTings,head_band,2
HairTings,flower_clip,2
HairTings,clips,2
HairTings,children,2
HairTings,toddle,1
HairTings,removable,1
HairTings,hand_crafted,1
HairTings,hair_clips,1
HairTings,hair_accessories,1
HairTings,hair,1
HairTings,clip,1
HairTings,accessories,1
HairTings,accesories,1
SeanaLue,clip,2
SeanaLue,child,2
SeanaLue,women,1
SeanaLue,woman,1
SeanaLue,toddler,1
SeanaLue,southern,1
SeanaLue,seersucker,1
SeanaLue,red,1
SeanaLue,pearls,1
SeanaLue,pearl,1
SeanaLue,headband,1
SeanaLue,hariclip,1
SeanaLue,hairclip,1
SeanaLue,hairbow,1
SeanaLue,hair,1
SeanaLue,girls,1
SeanaLue,flower,1
SeanaLue,floral,1
SeanaLue,fabric,1
SeanaLue,bow,1
SeanaLue,blue,1
SeanaLue,alligator,1
SeanaLue,accessory,1
SeanaLue,accessories,1
Bobbie409,bracelet,2
Bobbie409,silver,1
Bobbie409,jewelry,1
Bobbie409,crocheted,1
Bobbie409,beaded,1
Bobbie409,bangle,1
meitswai,necklace,2
meitswai,jewelry,2
meitswai,beaded,2
meitswai,victorian,1
meitswai,teal,1
meitswai,plus_size,1
meitswai,ooak,1
meitswai,jewelry_set,1
meitswai,earrngs,1
meitswai,czech_glass,1
meitswai,bracelet,1
meitswai,black,1
meitswai,artisan,1
DappleDoyle,watercolor,1
DappleDoyle,painting,1
DappleDoyle,art,1
PawinBel,lamp,2
PawinBel,white,1
PawinBel,touch,1
PawinBel,texture,1
PawinBel,lighting,1
PawinBel,laser_cut,1
PawinBel,lampshade,1
PawinBel,lace,1
PawinBel,housewares,1
PawinBel,home_accessorie,1
PawinBel,handmade,1
PawinBel,gold,1
PawinBel,gift,1
PawinBel,decoration,1
PawinBel,black,1
anschaefer06,bow_holder,3
anschaefer06,hairbow_boards,2
anschaefer06,bow_boards,2
anschaefer06,bow_board,2
anschaefer06,zebra_print_fabric,1
anschaefer06,zebra_bow_holder,1
anschaefer06,zebra,1
anschaefer06,red_bow_holder,1
anschaefer06,pink_bow_holder,1
anschaefer06,lady_bug_bow_holders,1
anschaefer06,heart_hairbow_board,1
anschaefer06,heart_bow_holder,1
anschaefer06,hairbow_holder,1
anschaefer06,hairbow_board,1
anschaefer06,hairbow,1
anschaefer06,hair,1
anschaefer06,flower_bow_holder,1
anschaefer06,flower_bow_board,1
anschaefer06,butterfly_holder,1
anschaefer06,butterfly_bow_holder,1
anschaefer06,butterfly_bow_board,1
anschaefer06,bow_holders,1
anschaefer06,accessories,1
BlessedButtons,pinback_button,1
BlessedButtons,animal,1
BlessedButtons,accessories,1
rootsintheair,hat,2
rootsintheair,crochet,2
rootsintheair,women,1
rootsintheair,summer,1
rootsintheair,natural,1
rootsintheair,men,1
rootsintheair,linen,1
rootsintheair,handmade,1
rootsintheair,fedora,1
rootsintheair,cotton,1
rootsintheair,brunch,1
rootsintheair,black,1
rootsintheair,accessories,1
Kattsi,jewelry,1
Kattsi,fiber,1
Kattsi,earrings,1
Kattsi,crochet,1
SharonConnawayArt,shops,10
SharonConnawayArt,watercolor,6
SharonConnawayArt,painting,4
SharonConnawayArt,oil_painting,3
SharonConnawayArt,art_reproduction,3
SharonConnawayArt,reproduction,2
SharonConnawayArt,fly_fishing,2
SharonConnawayArt,floral,2
SharonConnawayArt,art,2
SharonConnawayArt,wildlife,1
SharonConnawayArt,waterfowl,1
SharonConnawayArt,warehouse,1
SharonConnawayArt,storefront,1
SharonConnawayArt,signs,1
SharonConnawayArt,santa_fe,1
SharonConnawayArt,rugs,1
SharonConnawayArt,rose,1
SharonConnawayArt,oriental_rugs,1
SharonConnawayArt,old_town,1
SharonConnawayArt,music,1
SharonConnawayArt,montana,1
SharonConnawayArt,mallards,1
SharonConnawayArt,local_wichita_ks,1
SharonConnawayArt,japanese_quince,1
SharonConnawayArt,geese,1
SharonConnawayArt,garden,1
SharonConnawayArt,flowers_red,1
SharonConnawayArt,flowers,1
SharonConnawayArt,flower_white,1
SharonConnawayArt,ducks,1
SharonConnawayArt,deer,1
SharonConnawayArt,canyon_road,1
SharonConnawayArt,brick_building,1
SharonConnawayArt,bench,1
SharonConnawayArt,architecture,1
SharonConnawayArt,alaska,1
faerhann,kawaii,5
faerhann,fashion,5
faerhann,cute,5
faerhann,statement,4
faerhann,love,4
faerhann,heart,4
faerhann,chocolate,3
faerhann,sweets,2
faerhann,necklace,2
faerhann,mirror,2
faerhann,jewelry,2
faerhann,drink,2
faerhann,candy,2
faerhann,yummy,1
faerhann,sport_drink,1
faerhann,pocket,1
faerhann,pocari_sweat,1
faerhann,pastry,1
faerhann,orange,1
faerhann,natchan_orange,1
faerhann,juice,1
faerhann,japanese,1
faerhann,japan,1
faerhann,girl,1
faerhann,felt,1
faerhann,delicious,1
faerhann,cookie,1
faerhann,compact,1
faerhann,colorful,1
faerhann,accessories,1
ManuteaPearls,handmade,2
ManuteaPearls,tahitian_pearls,1
ManuteaPearls,tahitian_pearl,1
ManuteaPearls,sterling_silver,1
ManuteaPearls,sea_pearl,1
ManuteaPearls,saltwater_pearl,1
ManuteaPearls,pink,1
ManuteaPearls,pearls,1
ManuteaPearls,necklace,1
ManuteaPearls,mother_of_pearl,1
ManuteaPearls,ladies,1
ManuteaPearls,jewelry,1
ManuteaPearls,grey,1
ManuteaPearls,gold,1
ManuteaPearls,freshwater,1
ManuteaPearls,contemporary,1
ManuteaPearls,classic,1
ManuteaPearls,ceylon_sapphire,1
ManuteaPearls,black_pearl,1
ManuteaPearls,black,1
ManuteaPearls,9kt,1
ManuteaPearls,9ct,1
jessicabird20,personalized_diaper,1
jessicabird20,personalized,1
jessicabird20,monogrammed_diaper,1
jessicabird20,diaper_bags,1
jessicabird20,diaper_bag,1
jessicabird20,bags_and_purses,1
LuvBees,sweet,1
LuvBees,soy,1
LuvBees,scented,1
LuvBees,container,1
LuvBees,candles,1
NNest,modern,2
NNest,boutique,2
NNest,turquoise,1
NNest,nursing,1
NNest,natural,1
NNest,lime,1
NNest,cotton,1
NNest,children,1
NNest,baby,1
glendoraallen,quirky_batik__bag,1
glendoraallen,purse,1
glendoraallen,cotton,1
glendoraallen,bags_and_purses,1
timbaileyaia,pen_and_ink,2
timbaileyaia,ink,2
timbaileyaia,drawing,2
timbaileyaia,art,2
timbaileyaia,sketch,1
timbaileyaia,rendering,1
timbaileyaia,photo,1
timbaileyaia,personalized_card,1
timbaileyaia,pen,1
timbaileyaia,original,1
timbaileyaia,mixed_media,1
timbaileyaia,landscape_drawing,1
timbaileyaia,landscape,1
timbaileyaia,ink_and_pen,1
timbaileyaia,house_drawing,1
timbaileyaia,house,1
timbaileyaia,holiday_card,1
timbaileyaia,greeting_card,1
timbaileyaia,custom_greeting_card,1
timbaileyaia,custom_card,1
timbaileyaia,card,1
timbaileyaia,altered,1
pageturns,art,2
pageturns,wall_hanging,1
pageturns,silhouette,1
pageturns,portraits,1
pageturns,personalized,1
pageturns,original,1
pageturns,mixed_media,1
pageturns,handmade,1
pageturns,gift,1
pageturns,cut_paper,1
pageturns,children,1
pageturns,artwork,1
pageturns,animals,1
pageturns,aceo,1
pageturns,8_x_10,1
formybabyie,toy,1
formybabyie,original_illustration,1
formybabyie,feeding,1
formybabyie,diaper_bag,1
formybabyie,children,1
formybabyie,blanket,1
formybabyie,bedding,1
formybabyie,baby,1
formybabyie,art,1
BOWTIQUEbyCLAUDIA,volleyball_headband,3
BOWTIQUEbyCLAUDIA,stretch,3
BOWTIQUEbyCLAUDIA,softball_headband,3
BOWTIQUEbyCLAUDIA,sequin,3
BOWTIQUEbyCLAUDIA,head_band,3
BOWTIQUEbyCLAUDIA,hairbow,3
BOWTIQUEbyCLAUDIA,hair_bow,3
BOWTIQUEbyCLAUDIA,hair_accessory,3
BOWTIQUEbyCLAUDIA,glitter,3
BOWTIQUEbyCLAUDIA,crochet_headbands,3
BOWTIQUEbyCLAUDIA,athletic_headbands,3
BOWTIQUEbyCLAUDIA,headband,2
BOWTIQUEbyCLAUDIA,accessories,2
BOWTIQUEbyCLAUDIA,hair,1
CreationsbyCanelia,woman,4
CreationsbyCanelia,girl,4
CreationsbyCanelia,wire,2
CreationsbyCanelia,necklace,2
CreationsbyCanelia,charm,2
CreationsbyCanelia,blue,2
CreationsbyCanelia,wrap,1
CreationsbyCanelia,women,1
CreationsbyCanelia,white,1
CreationsbyCanelia,turquoise,1
CreationsbyCanelia,tile,1
CreationsbyCanelia,teardrop,1
CreationsbyCanelia,silver,1
CreationsbyCanelia,shells,1
CreationsbyCanelia,scrabble_tile,1
CreationsbyCanelia,resin,1
CreationsbyCanelia,purple,1
CreationsbyCanelia,present,1
CreationsbyCanelia,pink,1
CreationsbyCanelia,pearl,1
CreationsbyCanelia,necklaces,1
CreationsbyCanelia,memory_wire,1
CreationsbyCanelia,leather,1
CreationsbyCanelia,lavender,1
CreationsbyCanelia,jewelry,1
CreationsbyCanelia,green,1
CreationsbyCanelia,glass,1
CreationsbyCanelia,girls,1
CreationsbyCanelia,gift,1
CreationsbyCanelia,fuchia,1
CreationsbyCanelia,flowers,1
CreationsbyCanelia,flower,1
CreationsbyCanelia,earrings,1
CreationsbyCanelia,dangle,1
CreationsbyCanelia,color,1
CreationsbyCanelia,brown,1
CreationsbyCanelia,bracelets,1
CreationsbyCanelia,bracelet,1
CreationsbyCanelia,beads,1
CreationsbyCanelia,beaded,1
CreationsbyCanelia,16_inches,1
sales3641,ceramics_and_pottery,1
WhiskePete,art,2
WhiskePete,vintage,1
WhiskePete,pop_art,1
WhiskePete,pop,1
WhiskePete,pin_up,1
WhiskePete,photography,1
WhiskePete,photographic,1
WhiskePete,pets,1
WhiskePete,modern,1
WhiskePete,glossy,1
jessicapuente7,decoration,2
jessicapuente7,children,2
jessicapuente7,birthday_favor,2
jessicapuente7,yo_gabba_gabba_party,1
jessicapuente7,yo_gabba_gabba,1
jessicapuente7,tag,1
jessicapuente7,personalized,1
jessicapuente7,paper_goods,1
jessicapuente7,justin_bieber_fever,1
jessicapuente7,justin_bieber,1
jessicapuente7,girl_birthday,1
jessicapuente7,gabba_gabba_toppers,1
jessicapuente7,gabba_gabba_party,1
jessicapuente7,custom_toppers,1
jessicapuente7,custom_design,1
jessicapuente7,cupcake_toppers,1
jessicapuente7,cupcake_topper,1
jessicapuente7,cupcake_picks,1
jessicapuente7,celebration_fun_kids,1
jessicapuente7,birthday_party,1
slips77,men,1
slips77,cuff_links,1
slips77,accessories,1
DaneInProvence,silver_tone_beads,2
DaneInProvence,jewelry,2
DaneInProvence,fresh_water_pearls,2
DaneInProvence,wooden_beads,1
DaneInProvence,wood,1
DaneInProvence,turqouise,1
DaneInProvence,silver_tone_chains,1
DaneInProvence,silver,1
DaneInProvence,resin,1
DaneInProvence,red_coral,1
DaneInProvence,red,1
DaneInProvence,pearl_clusters,1
DaneInProvence,orange,1
DaneInProvence,necklace,1
DaneInProvence,multicolored_resin,1
DaneInProvence,lapis_lazuli,1
DaneInProvence,lapis,1
DaneInProvence,handmade,1
DaneInProvence,greek,1
DaneInProvence,gold_tone,1
DaneInProvence,glass_hearts,1
DaneInProvence,elegant,1
DaneInProvence,deep_yellow,1
DaneInProvence,copper,1
DaneInProvence,black_resin,1
DaneInProvence,black_onyx,1
DaneInProvence,beads,1
DaneInProvence,beaded,1
cheapnchicvintage,pleated,2
cheapnchicvintage,pink,2
cheapnchicvintage,women,1
cheapnchicvintage,white,1
cheapnchicvintage,vintage,1
cheapnchicvintage,small,1
cheapnchicvintage,silky,1
cheapnchicvintage,shoulder_pads,1
cheapnchicvintage,secretary_dress,1
cheapnchicvintage,secretary,1
cheapnchicvintage,ruffle,1
cheapnchicvintage,retro,1
cheapnchicvintage,red,1
cheapnchicvintage,pretty,1
cheapnchicvintage,polyester,1
cheapnchicvintage,polka_dot,1
cheapnchicvintage,pockets,1
cheapnchicvintage,patterned,1
cheapnchicvintage,navy,1
cheapnchicvintage,nautical,1
cheapnchicvintage,mini_dress,1
cheapnchicvintage,medium,1
cheapnchicvintage,magenta,1
cheapnchicvintage,large,1
cheapnchicvintage,gold,1
cheapnchicvintage,flowy,1
cheapnchicvintage,dress,1
cheapnchicvintage,double_breasted,1
cheapnchicvintage,clothing,1
cheapnchicvintage,chic,1
cheapnchicvintage,blue,1
cheapnchicvintage,belted,1
cheapnchicvintage,adorable,1
cheapnchicvintage,accordion_pleats,1
cheapnchicvintage,8p,1
cheapnchicvintage,6p,1
cheapnchicvintage,1980s,1
cheapnchicvintage,10,1
Lauriekopeclandscape,painting,1
Lauriekopeclandscape,florida_landscapes,1
Lauriekopeclandscape,art,1
Lauriekopeclandscape,acrylic,1
ReformedKilts,utility,2
ReformedKilts,utilakilt,2
ReformedKilts,sporran,2
ReformedKilts,kilt,2
ReformedKilts,snaps,1
ReformedKilts,scottish,1
ReformedKilts,removable,1
ReformedKilts,pocket,1
ReformedKilts,pleats,1
ReformedKilts,men,1
ReformedKilts,kirk,1
ReformedKilts,heavy_duty,1
ReformedKilts,golf,1
ReformedKilts,custom,1
ReformedKilts,clothing,1
ReformedKilts,church,1
ReformedKilts,american,1
abuford,cross,5
abuford,charm,5
abuford,colorful,3
abuford,christening,3
abuford,baby,3
abuford,custom,2
abuford,anklet,2
abuford,photography,1
abuford,organize,1
abuford,kids,1
abuford,jewelry,1
abuford,heart,1
abuford,family,1
abuford,everything_else,1
abuford,efficiency,1
abuford,dry_erase,1
abuford,clients,1
abuford,christmas,1
abuford,chores,1
abuford,checklist,1
abuford,bracelet,1
abuford,board,1
abuford,bills,1
abuford,beaded,1
abuford,baby_needs,1
lulubeanspainted,shoes,1
lulubeanspainted,girl,1
lulubeanspainted,costume,1
lulubeanspainted,clothing,1
lulubeanspainted,children,1
TheHappySeamster,kitchen,2
TheHappySeamster,walker,1
TheHappySeamster,vintage,1
TheHappySeamster,tote,1
TheHappySeamster,shoulder_bag,1
TheHappySeamster,sholder_bag,1
TheHappySeamster,place_mats,1
TheHappySeamster,novelty,1
TheHappySeamster,magnetic_clasp,1
TheHappySeamster,kids,1
TheHappySeamster,housewares,1
TheHappySeamster,house_wares,1
TheHappySeamster,hip_bag,1
TheHappySeamster,farm,1
TheHappySeamster,dr_seuss,1
TheHappySeamster,dinning,1
TheHappySeamster,cute,1
TheHappySeamster,country,1
TheHappySeamster,clothing,1
TheHappySeamster,children,1
TheHappySeamster,cat_in_the_hat,1
TheHappySeamster,caddy,1
TheHappySeamster,butchers_apron,1
TheHappySeamster,barn_yard,1
TheHappySeamster,bags_and_purses,1
TheHappySeamster,bag,1
TheHappySeamster,apron,1
TheHappySeamster,accessories,1
BostonMadeLovers,cameo,2
BostonMadeLovers,brooch,2
BostonMadeLovers,vintage,1
BostonMadeLovers,silver,1
BostonMadeLovers,nautical,1
BostonMadeLovers,lace,1
BostonMadeLovers,jewelry,1
BostonMadeLovers,jewellery,1
BostonMadeLovers,handmade,1
BostonMadeLovers,cute,1
BostonMadeLovers,anchor,1
URInvitedCards,birthday,2
URInvitedCards,unique,1
URInvitedCards,special,1
URInvitedCards,paper_goods,1
URInvitedCards,olivia,1
URInvitedCards,invitations,1
URInvitedCards,custom,1
URInvitedCards,child,1
URInvitedCards,cards,1
URInvitedCards,card,1
polyestrr,straw,1
polyestrr,soda,1
polyestrr,shot,1
polyestrr,pill,1
polyestrr,ornament,1
polyestrr,office,1
polyestrr,mixed_media,1
polyestrr,medicine,1
polyestrr,kitchen,1
polyestrr,housewares,1
polyestrr,graffiti,1
polyestrr,glass,1
polyestrr,fruit,1
polyestrr,drinks,1
polyestrr,decorative,1
polyestrr,cup,1
polyestrr,bottle,1
polyestrr,banana,1
polyestrr,attitude,1
polyestrr,art,1
polyestrr,altered,1
