McDartandlyesoap,soap,1
McDartandlyesoap,bath_and_beauty,1
dlofti82,photography,1
dlofti82,landscape,1
dlofti82,art,1
StoneFamilyMarket,antique,3
StoneFamilyMarket,vintage,2
StoneFamilyMarket,vase,2
StoneFamilyMarket,wrought_iron,1
StoneFamilyMarket,woodland,1
StoneFamilyMarket,squirrel,1
StoneFamilyMarket,pottery,1
StoneFamilyMarket,porcelain,1
StoneFamilyMarket,pencil_holder,1
StoneFamilyMarket,nut_cracker,1
StoneFamilyMarket,nature,1
StoneFamilyMarket,home_decor,1
StoneFamilyMarket,hand_thrown_pottery,1
StoneFamilyMarket,garden,1
StoneFamilyMarket,french_country,1
StoneFamilyMarket,flower_vase,1
StoneFamilyMarket,door_stopper,1
StoneFamilyMarket,cup,1
StoneFamilyMarket,cream,1
StoneFamilyMarket,crackled,1
StoneFamilyMarket,chocolate_brown,1
StoneFamilyMarket,chipmunk,1
StoneFamilyMarket,black,1
StoneFamilyMarket,americana,1
Zearx,vintage,1
NonStandardSpeech,earrings,2
NonStandardSpeech,vintage,1
NonStandardSpeech,jewelry,1
NonStandardSpeech,ivory,1
NonStandardSpeech,carved,1
NonStandardSpeech,bone,1
KayCaroline,jewelry,1
KayCaroline,earrings,1
jackie227,art,1
MariahLea,water,1
MariahLea,underwater,1
MariahLea,tropical,1
MariahLea,torquoise,1
MariahLea,starfish,1
MariahLea,sand,1
MariahLea,roatan,1
MariahLea,photography,1
MariahLea,orange,1
MariahLea,ocean,1
MariahLea,landscape,1
MariahLea,island,1
MariahLea,carribean,1
MariahLea,beach,1
MariahLea,art,1
ForkfulOfSimplicity,howto,1
ForkfulOfSimplicity,fresh_simple_recipes,1
ForkfulOfSimplicity,cookbook,1
ForkfulOfSimplicity,books_and_zines,1
ForkfulOfSimplicity,book,1
craftybizness,print,1
craftybizness,art,1
simonsen1972,necklace,1
simonsen1972,jewelry,1
simonsen1972,beaded,1
radarlynn,pink,2
radarlynn,girls,2
radarlynn,children,2
radarlynn,ribbon,1
radarlynn,hairbow,1
radarlynn,hair_bow,1
radarlynn,hair,1
radarlynn,easter,1
radarlynn,cupcake,1
radarlynn,birthday,1
radarlynn,barrette,1
radarlynn,accessories,1
OopsiUpsycle,jewelry,2
OopsiUpsycle,bracelets,2
OopsiUpsycle,bracelet,2
OopsiUpsycle,wood,1
OopsiUpsycle,vintage,1
OopsiUpsycle,supplies,1
OopsiUpsycle,red,1
OopsiUpsycle,plastic_beads,1
OopsiUpsycle,plastic,1
OopsiUpsycle,pair,1
OopsiUpsycle,jewelry_supply,1
OopsiUpsycle,fiber,1
OopsiUpsycle,fashion,1
OopsiUpsycle,elastic,1
OopsiUpsycle,beads,1
OopsiUpsycle,arm_bands,1
OopsiUpsycle,amber,1
OopsiUpsycle,6_inches,1
OneilChrisPhoto,photography,2
OneilChrisPhoto,birds,2
OneilChrisPhoto,nature,1
OneilChrisPhoto,art,1
dontcooloff,supply,1
dontcooloff,supplies,1
dontcooloff,photography,1
dontcooloff,lomography,1
dontcooloff,film,1
dontcooloff,diana,1
dontcooloff,camera,1
dontcooloff,35mm,1
dontcooloff,120mm,1
connywind,vintage_chanel,1
connywind,vintage,1
connywind,jacket,1
connywind,clothing,1
connywind,chanel_jacket,1
connywind,chanel,1
GGGstore,watercolor,1
GGGstore,painting,1
GGGstore,art,1
fairyfoodmarket,yellow_peach,1
fairyfoodmarket,tiny_food,1
fairyfoodmarket,scale_dollhouse_miniature,1
fairyfoodmarket,realistic_peach,1
fairyfoodmarket,polymer_food,1
fairyfoodmarket,miniature,1
fairyfoodmarket,imaginitive_play,1
fairyfoodmarket,food,1
fairyfoodmarket,fimo_food,1
fairyfoodmarket,fairy_house_food,1
fairyfoodmarket,fairy_food,1
fairyfoodmarket,fairies,1
fairyfoodmarket,dolls_and_miniatures,1
fairyfoodmarket,dollhouse_food,1
fairyfoodmarket,dollhouse,1
ColeccionLuna,vintage_fabric,5
ColeccionLuna,fair_trade,5
ColeccionLuna,ethnic,5
ColeccionLuna,colorful,5
ColeccionLuna,ethical,4
ColeccionLuna,sustainable,3
ColeccionLuna,eco_friendly,3
ColeccionLuna,tote,2
ColeccionLuna,lap_top_bag,2
ColeccionLuna,hobo_bag,2
ColeccionLuna,travel_tote,1
ColeccionLuna,shopping_tote,1
ColeccionLuna,recycled_fabirc,1
ColeccionLuna,reclaimed,1
ColeccionLuna,purse,1
ColeccionLuna,messenger_bag,1
ColeccionLuna,messenger,1
ColeccionLuna,leather,1
ColeccionLuna,instyle_magazine,1
ColeccionLuna,indigenous,1
ColeccionLuna,handmade,1
ColeccionLuna,floral,1
ColeccionLuna,diaper_bag,1
ColeccionLuna,cotton,1
ColeccionLuna,bags_and_purses,1
JakJT,wind,1
JakJT,wales,1
JakJT,united_kingdom,1
JakJT,silence,1
JakJT,seascape,1
JakJT,seafront,1
JakJT,sea,1
JakJT,print,1
JakJT,photography,1
JakJT,photograph,1
JakJT,morning,1
JakJT,landscape,1
JakJT,colour_photograph,1
JakJT,colour,1
JakJT,color_film,1
JakJT,coast,1
JakJT,calm,1
JakJT,british,1
JakJT,britain,1
JakJT,beach,1
JakJT,art,1
BetsyMOE,vintage,1
BetsyMOE,smock,1
BetsyMOE,small,1
BetsyMOE,mod,1
BetsyMOE,medium,1
BetsyMOE,hot,1
BetsyMOE,hand_made,1
BetsyMOE,for_mom,1
BetsyMOE,floral,1
BetsyMOE,covers,1
BetsyMOE,cotton,1
BetsyMOE,clothing,1
BetsyMOE,blue,1
BetsyMOE,apron,1
GlamourDeals,beaded,2
GlamourDeals,wire_wrapped,1
GlamourDeals,wedding_bridesmaid,1
GlamourDeals,squirrel_nature,1
GlamourDeals,silver,1
GlamourDeals,pearl,1
GlamourDeals,necklace,1
GlamourDeals,long_length,1
GlamourDeals,jewelry,1
GlamourDeals,ivory_cream,1
GlamourDeals,fall_autumn,1
GlamourDeals,chestnut_oak_maple,1
GlamourDeals,bride_gift_party,1
GlamourDeals,antique_bronze_brass,1
GlamourDeals,acorn,1
specklesofpaint,waves,1
specklesofpaint,water,1
specklesofpaint,starfish,1
specklesofpaint,star,1
specklesofpaint,sand,1
specklesofpaint,painting,1
specklesofpaint,original_painting,1
specklesofpaint,original,1
specklesofpaint,ocean,1
specklesofpaint,handpainted,1
specklesofpaint,handmade,1
specklesofpaint,blue,1
specklesofpaint,beach,1
specklesofpaint,art,1
KarensTatterdRoses,ornament,1
KarensTatterdRoses,housewares,1
KarensTatterdRoses,home_decor,1
KarensTatterdRoses,ceramics_and_pottery,1
FritzyFruFru,wood,1
FritzyFruFru,necklace,1
FritzyFruFru,jewelry,1
FritzyFruFru,earrings,1
FritzyFruFru,bracelet,1
colorfulwishes,tshirt,1
colorfulwishes,space,1
colorfulwishes,shirt,1
colorfulwishes,screen_print,1
colorfulwishes,robots,1
colorfulwishes,made_is_the_usa,1
colorfulwishes,hand_made,1
colorfulwishes,fairies,1
colorfulwishes,clothing,1
colorfulwishes,children,1
colorfulwishes,art_work,1
DirtyDogSoaps,soap,1
DirtyDogSoaps,lavender,1
DirtyDogSoaps,bath_and_beauty,1
BobNWeave,wool,4
BobNWeave,women,4
BobNWeave,pair,4
BobNWeave,mittens,4
BobNWeave,mitten,4
BobNWeave,clothing,1
cedarridgepottery,stoneware,2
cedarridgepottery,pottery,2
cedarridgepottery,functional_pottery,2
cedarridgepottery,ceramics,2
cedarridgepottery,vase,1
cedarridgepottery,shino,1
cedarridgepottery,pot,1
cedarridgepottery,oil_lamp,1
cedarridgepottery,mug,1
cedarridgepottery,handmade,1
cedarridgepottery,gifts,1
cedarridgepottery,gift,1
cedarridgepottery,dinner_ware,1
cedarridgepottery,clay,1
cedarridgepottery,ceramics_and_pottery,1
thecrystalphoenix,sterling,1
thecrystalphoenix,silver,1
thecrystalphoenix,red,1
thecrystalphoenix,phoenix,1
thecrystalphoenix,phenix,1
thecrystalphoenix,orange,1
thecrystalphoenix,monofillament,1
thecrystalphoenix,jewelry,1
thecrystalphoenix,invisible,1
thecrystalphoenix,fire,1
thecrystalphoenix,extender,1
thecrystalphoenix,crystal,1
thecrystalphoenix,bird,1
Fabulush1,vintage,1
Fabulush1,teapot_stand,1
Fabulush1,teapot,1
Fabulush1,shelley,1
Fabulush1,serving,1
Fabulush1,lilac,1
Fabulush1,garden_urn,1
Fabulush1,china,1
Fabulush1,1920s,1
MeshedDesigns,green,1
MeshedDesigns,floral,1
MeshedDesigns,double_sided,1
MeshedDesigns,children,1
MeshedDesigns,brown,1
MeshedDesigns,blanket,1
MeshedDesigns,baby,1
noddy61,unique,1
noddy61,teddy_bear,1
noddy61,teddy,1
noddy61,mohair,1
noddy61,hand_sewn,1
noddy61,dolls_and_miniatures,1
noddy61,designer,1
noddy61,collectable,1
noddy61,bear,1
noddy61,artist,1
QuillCreation,necklace,2
QuillCreation,jewelry,2
QuillCreation,valentine,1
QuillCreation,tatting,1
QuillCreation,tatted,1
QuillCreation,tat,1
QuillCreation,stitch,1
QuillCreation,steampunk,1
QuillCreation,red,1
QuillCreation,lace,1
QuillCreation,heart,1
QuillCreation,gift,1
QuillCreation,bead,1
DreaLyns,stretchy,2
DreaLyns,headband,2
DreaLyns,girls,2
DreaLyns,elastic,2
DreaLyns,buttons,2
DreaLyns,yellow,1
DreaLyns,womens,1
DreaLyns,women,1
DreaLyns,summer,1
DreaLyns,small,1
DreaLyns,peach,1
DreaLyns,hand_sewn,1
DreaLyns,hair_band,1
DreaLyns,hair,1
DreaLyns,fall,1
DreaLyns,cute,1
DreaLyns,creamy_tan,1
DreaLyns,coral_pink,1
DreaLyns,blue,1
DreaLyns,beautiful,1
DreaLyns,accessories,1
DreaLyns,18_inches,1
MariasNeedleArt,pineapple,2
MariasNeedleArt,crochet,2
MariasNeedleArt,white,1
MariasNeedleArt,wheel,1
MariasNeedleArt,needleart,1
MariasNeedleArt,needle_art,1
MariasNeedleArt,lace,1
MariasNeedleArt,housewares,1
MariasNeedleArt,flower,1
MariasNeedleArt,ecru,1
MariasNeedleArt,doily,1
MariasNeedleArt,cotton,1
MariasNeedleArt,cobweb,1
The3KnitWits,newborn,2
The3KnitWits,knit,2
The3KnitWits,hat,2
The3KnitWits,beanie,2
The3KnitWits,baby,2
The3KnitWits,tweed,1
The3KnitWits,simple,1
The3KnitWits,prop,1
The3KnitWits,preemie,1
The3KnitWits,photography,1
The3KnitWits,photo_prop,1
The3KnitWits,owl,1
The3KnitWits,knitting,1
The3KnitWits,knitted,1
The3KnitWits,infant,1
The3KnitWits,cute,1
The3KnitWits,custom,1
The3KnitWits,crochet,1
The3KnitWits,children,1
The3KnitWits,child,1
The3KnitWits,cable,1
The3KnitWits,adorable,1
The3KnitWits,accessories,1
bfwiltz,vintage,2
bfwiltz,green,1
bfwiltz,depression_glass,1
bfwiltz,candy_dish,1
bfwiltz,bowl_bowl,1
elfrem,women,1
elfrem,polymer_clay,1
elfrem,jewelry,1
elfrem,handmade,1
elfrem,food,1
elfrem,donuts,1
elfrem,cupcakes,1
elfrem,charms,1
elfrem,charm_bracelet,1
elfrem,bracelets,1
elfrem,bracelet,1
elfrem,accessories,1
lkandecsmom,supplies,1
lkandecsmom,snow_white,1
lkandecsmom,scrapbooks,1
lkandecsmom,scrapbooking,1
lkandecsmom,scrapbook,1
lkandecsmom,religious,1
lkandecsmom,mulan,1
lkandecsmom,minnie_mouse,1
lkandecsmom,mickey_mouse,1
lkandecsmom,jasmine,1
lkandecsmom,goofy,1
lkandecsmom,donald_duck,1
lkandecsmom,disney_princess,1
lkandecsmom,disney,1
lkandecsmom,digital_collage_sheet,1
lkandecsmom,digital_collage,1
lkandecsmom,daisy_duck,1
lkandecsmom,cross,1
lkandecsmom,cinderella,1
lkandecsmom,bottle_caps,1
lkandecsmom,bottle_cap_images,1
lkandecsmom,bottle_cap_image,1
lkandecsmom,bottle_cap,1
lkandecsmom,bible,1
lkandecsmom,ariel,1
beautifulcouture,vintage_wedding,1
beautifulcouture,vintage,1
beautifulcouture,priscilla_presley,1
beautifulcouture,made_in_usa,1
beautifulcouture,lorrie_deb,1
beautifulcouture,lasvegas,1
beautifulcouture,lace_dress,1
beautifulcouture,lace_bows,1
beautifulcouture,jackie_o,1
beautifulcouture,dress,1
beautifulcouture,destination,1
beautifulcouture,couture__dress,1
beautifulcouture,clothing,1
beautifulcouture,church,1
beautifulcouture,beautiful_dress,1
beautifulcouture,audrey_hepburn,1
buckmanfilmacademy,vintage,1
buckmanfilmacademy,sarah_nagy,1
buckmanfilmacademy,riding,1
buckmanfilmacademy,red,1
buckmanfilmacademy,playful,1
buckmanfilmacademy,pink,1
buckmanfilmacademy,paintings,1
buckmanfilmacademy,painting,1
buckmanfilmacademy,oval,1
buckmanfilmacademy,mixed_media_original,1
buckmanfilmacademy,mixed_media,1
buckmanfilmacademy,matisse,1
buckmanfilmacademy,illustrations,1
buckmanfilmacademy,horse,1
buckmanfilmacademy,halloween,1
buckmanfilmacademy,film_school,1
buckmanfilmacademy,european,1
buckmanfilmacademy,earrings,1
buckmanfilmacademy,decoupage,1
buckmanfilmacademy,cobblestones,1
buckmanfilmacademy,city_hall,1
buckmanfilmacademy,city,1
buckmanfilmacademy,charity,1
buckmanfilmacademy,cars,1
buckmanfilmacademy,canvas,1
buckmanfilmacademy,buckman_film_academy,1
buckmanfilmacademy,brick,1
buckmanfilmacademy,bold,1
buckmanfilmacademy,black,1
buckmanfilmacademy,bird,1
buckmanfilmacademy,bears,1
buckmanfilmacademy,art,1
buckmanfilmacademy,apartment,1
buckmanfilmacademy,acrylic,1
nanoukiko,turk_head_knot,3
nanoukiko,thread,3
nanoukiko,cotton,3
nanoukiko,jewelry,1
nanoukiko,bracelet,1
KmiaPEARLDesigns,necklace,2
KmiaPEARLDesigns,white_fw_pearls,1
KmiaPEARLDesigns,wedding_pearls,1
KmiaPEARLDesigns,wedding_jewelry,1
KmiaPEARLDesigns,swarovsky_crystals,1
KmiaPEARLDesigns,pearls,1
KmiaPEARLDesigns,pearl_necklace,1
KmiaPEARLDesigns,kmia_pearl_designs,1
KmiaPEARLDesigns,jewelry,1
KmiaPEARLDesigns,freshwater_pearls,1
KmiaPEARLDesigns,cultured_pearls,1
KmiaPEARLDesigns,classic_pearls,1
KmiaPEARLDesigns,bridal_jewelry,1
jondeeremom131,necklace,2
jondeeremom131,jewelry,2
jondeeremom131,housewares,2
jondeeremom131,baby,2
jondeeremom131,zebra,1
jondeeremom131,wreathes,1
jondeeremom131,wreath,1
jondeeremom131,wood,1
jondeeremom131,pink,1
jondeeremom131,nursery_decor,1
jondeeremom131,letters,1
jondeeremom131,home_decor,1
jondeeremom131,grapevine,1
jondeeremom131,diapers,1
jondeeremom131,children,1
jondeeremom131,childern,1
jondeeremom131,bright,1
jondeeremom131,beaded,1
jondeeremom131,baby_gift,1
MrFlannagan,painting,2
MrFlannagan,zissou,1
MrFlannagan,wes_anderson,1
MrFlannagan,steve_zissou,1
MrFlannagan,steve,1
MrFlannagan,oil,1
MrFlannagan,murray,1
MrFlannagan,movie,1
MrFlannagan,life_aquatic,1
MrFlannagan,life,1
MrFlannagan,film,1
MrFlannagan,bill_murray,1
MrFlannagan,bill,1
MrFlannagan,art,1
MrFlannagan,aquatic,1
dandelionwinevintage,rockabilly,3
dandelionwinevintage,black,3
dandelionwinevintage,1950s,3
dandelionwinevintage,wiggle,2
dandelionwinevintage,vintage,2
dandelionwinevintage,skirt,2
dandelionwinevintage,shoes,2
dandelionwinevintage,hat,2
dandelionwinevintage,floral,2
dandelionwinevintage,dress,2
dandelionwinevintage,circle_skirt,2
dandelionwinevintage,blouse,2
dandelionwinevintage,60s,2
dandelionwinevintage,50s,2
dandelionwinevintage,1960s,2
dandelionwinevintage,women,1
dandelionwinevintage,wingtips,1
dandelionwinevintage,wiggle_dress,1
dandelionwinevintage,velvet,1
dandelionwinevintage,tea_party,1
dandelionwinevintage,swing,1
dandelionwinevintage,summer,1
dandelionwinevintage,size_10,1
dandelionwinevintage,silk,1
dandelionwinevintage,secretary,1
dandelionwinevintage,scooter_dress,1
dandelionwinevintage,roaring_20s,1
dandelionwinevintage,rhinestone,1
dandelionwinevintage,red,1
dandelionwinevintage,pockets,1
dandelionwinevintage,pleats,1
dandelionwinevintage,pinup,1
dandelionwinevintage,pin_up,1
dandelionwinevintage,peter_pan_collar,1
dandelionwinevintage,perforated,1
dandelionwinevintage,pearl_buttons,1
dandelionwinevintage,party_dress,1
dandelionwinevintage,oxfords,1
dandelionwinevintage,orange,1
dandelionwinevintage,nurse,1
dandelionwinevintage,mod,1
dandelionwinevintage,midi,1
dandelionwinevintage,mad_men,1
dandelionwinevintage,leather,1
dandelionwinevintage,jazz_age,1
dandelionwinevintage,jacket,1
dandelionwinevintage,great_gatsby,1
dandelionwinevintage,full_skirt,1
dandelionwinevintage,flowers,1
dandelionwinevintage,flats,1
dandelionwinevintage,flapper,1
dandelionwinevintage,fanfares,1
dandelionwinevintage,double_breasted,1
dandelionwinevintage,day_dress,1
dandelionwinevintage,dancing,1
dandelionwinevintage,cover_up,1
dandelionwinevintage,clothing,1
dandelionwinevintage,classic,1
dandelionwinevintage,carson_pirie_scott,1
dandelionwinevintage,camel,1
dandelionwinevintage,buttons,1
dandelionwinevintage,brown,1
dandelionwinevintage,bow,1
dandelionwinevintage,bolero,1
dandelionwinevintage,blue,1
dandelionwinevintage,audrey_hepburn,1
dandelionwinevintage,accessories,1
dandelionwinevintage,70s,1
dandelionwinevintage,20s,1
dandelionwinevintage,1970s,1
dandelionwinevintage,1940s,1
dandelionwinevintage,1920s,1
dandelionwinevintage,10,1
ElGregoSeattle,male,3
ElGregoSeattle,expressive,3
ElGregoSeattle,colorful,3
ElGregoSeattle,painting,2
ElGregoSeattle,oils,2
ElGregoSeattle,faces,2
ElGregoSeattle,beautiful,2
ElGregoSeattle,24_x_18,2
ElGregoSeattle,white,1
ElGregoSeattle,strong,1
ElGregoSeattle,red,1
ElGregoSeattle,passionate,1
ElGregoSeattle,original,1
ElGregoSeattle,oil_painting,1
ElGregoSeattle,oil,1
ElGregoSeattle,mysterious,1
ElGregoSeattle,letters,1
ElGregoSeattle,introspective,1
ElGregoSeattle,grego_rachko,1
ElGregoSeattle,figurative,1
ElGregoSeattle,ecstatic,1
ElGregoSeattle,black,1
ElGregoSeattle,attitude,1
ElGregoSeattle,art,1
ElGregoSeattle,32_x_30,1
ElGregoSeattle,2005,1
tinytoesandbabygrows,new_baby_boy,5
tinytoesandbabygrows,new_baby,5
tinytoesandbabygrows,new_arrival,5
tinytoesandbabygrows,handmade_card,5
tinytoesandbabygrows,baby_boy,5
tinytoesandbabygrows,baby,5
tinytoesandbabygrows,paper_goods,1
tinytoesandbabygrows,cards,1
clayiciouschangas,ring,1
clayiciouschangas,polymer_clay,1
clayiciouschangas,jewelry,1
rhianaarellano,white_lace_headband,1
rhianaarellano,ribbon_headband,1
rhianaarellano,pink_and_brown,1
rhianaarellano,infant_heandband,1
rhianaarellano,infant_headband,1
rhianaarellano,headband,1
rhianaarellano,hair,1
rhianaarellano,bow_headband,1
rhianaarellano,accessories,1
LaBellaDea,peace_sign,1
LaBellaDea,hair_pieces,1
LaBellaDea,hair_feathers,1
LaBellaDea,hair_extensions,1
LaBellaDea,hair_extension,1
LaBellaDea,hair_clips,1
LaBellaDea,hair_clip,1
LaBellaDea,hair_accessories,1
LaBellaDea,hair,1
LaBellaDea,feathers,1
LaBellaDea,feather_extensions,1
LaBellaDea,feather_extension,1
LaBellaDea,clip,1
LaBellaDea,accessories,1
CreationsbyLK,necklace,2
CreationsbyLK,bracelet,2
CreationsbyLK,turquoise_necklace,1
CreationsbyLK,turquoise_bracelet,1
CreationsbyLK,jewelry,1
CreationsbyLK,glass_bead,1
CreationsbyLK,glass,1
CreationsbyLK,bracelet_with_clasp,1
CreationsbyLK,beaded_bracelet,1
RattyDreams,scented,1
RattyDreams,candles,1
CourtneysCardCo,birthday,2
CourtneysCardCo,swirl,1
CourtneysCardCo,stamp,1
CourtneysCardCo,ribbon,1
CourtneysCardCo,pink_and_brown,1
CourtneysCardCo,pink,1
CourtneysCardCo,paper_goods,1
CourtneysCardCo,happy_birthday,1
CourtneysCardCo,happy,1
CourtneysCardCo,fun,1
CourtneysCardCo,embossed,1
CourtneysCardCo,cute,1
CourtneysCardCo,cupcake,1
CourtneysCardCo,cards,1
CourtneysCardCo,card,1
DustyPaul,wwii_b_17_bomber,1
DustyPaul,wwii_aircraft,1
DustyPaul,woodworking,1
DustyPaul,whirly_gig,1
DustyPaul,warbird_whirly_gigs,1
DustyPaul,spins_360_degrees,1
DustyPaul,outdoor_or_indoor,1
DustyPaul,outdoor,1
DustyPaul,lawn_ornament,1
DustyPaul,hand_painted,1
DustyPaul,hand_crafted,1
DustyPaul,great_gift,1
DustyPaul,for_the_aviator,1
DustyPaul,all_propellers_turn,1
DustyPaul,24,1
DustyPaul,21,1
LuckyStarFinds,case,3
LuckyStarFinds,gift,2
LuckyStarFinds,camera,2
LuckyStarFinds,box,2
LuckyStarFinds,vintage_camera,1
LuckyStarFinds,vintage,1
LuckyStarFinds,satchel,1
LuckyStarFinds,purse,1
LuckyStarFinds,polaroid,1
LuckyStarFinds,pictures,1
LuckyStarFinds,photography,1
LuckyStarFinds,old,1
LuckyStarFinds,leather,1
LuckyStarFinds,electronics,1
LuckyStarFinds,collection,1
LuckyStarFinds,christmas,1
LuckyStarFinds,camera_case,1
LuckyStarFinds,brown,1
LuckyStarFinds,black,1
LuckyStarFinds,birthday,1
LuckyStarFinds,bags_and_purses,1
LuckyStarFinds,bag,1
SherryStampinBella,notebook,2
SherryStampinBella,spiral_bound,1
SherryStampinBella,papercrafting,1
SherryStampinBella,paper_goods,1
SherryStampinBella,mini,1
SherryStampinBella,journal,1
SherryStampinBella,gifts,1
SherryStampinBella,four_frames,1
SherryStampinBella,buttons,1
SherryStampinBella,bath_and_beauty,1
SherryStampinBella,3d_gift,1
MariannaJewelry,necklace,1
MariannaJewelry,jewelry,1
FaithandPeace,vintage,2
FaithandPeace,wheat,1
FaithandPeace,serving,1
FaithandPeace,pottery,1
FaithandPeace,porcelain,1
FaithandPeace,kitchen,1
FaithandPeace,housewares,1
FaithandPeace,harvest,1
FaithandPeace,glazed,1
FaithandPeace,franciscian,1
FaithandPeace,creamer,1
FaithandPeace,collectable,1
FaithandPeace,ceramics,1
FaithandPeace,brown,1
StayStrongShawn,yamaha,1
StayStrongShawn,suzuki,1
StayStrongShawn,supercross,1
StayStrongShawn,racing,1
StayStrongShawn,pink,1
StayStrongShawn,necklace,1
StayStrongShawn,motorcycle,1
StayStrongShawn,motorcross,1
StayStrongShawn,metal,1
StayStrongShawn,ktm,1
StayStrongShawn,kawasaki,1
StayStrongShawn,jewelry,1
StayStrongShawn,honda,1
StayStrongShawn,fund_raiser,1
StayStrongShawn,dirtbike,1
StayStrongShawn,atv,1
GulfArt,unique,1
GulfArt,shells,1
GulfArt,reflexology,1
GulfArt,ocean,1
GulfArt,door_mat,1
GulfArt,decorative,1
GulfArt,beach,1
GulfArt,art,1
AddedTouchSpecialty,tote,1
AddedTouchSpecialty,novelty_aprons,1
AddedTouchSpecialty,cotton,1
AddedTouchSpecialty,bags_and_purses,1
DaisyandHolly,tiara,1
DaisyandHolly,silver,1
DaisyandHolly,leaf,1
DaisyandHolly,jewelry,1
DaisyandHolly,head_band,1
DaisyandHolly,fascinstor,1
DaisyandHolly,crystal_tiara,1
DaisyandHolly,crystal,1
DaisyandHolly,bridal_tiara,1
DaisyandHolly,bridal_headband,1
DaisyandHolly,bridal_hair_piece,1
DaisyandHolly,bridal,1
WoodturningByCubby,woodworking,1
WoodturningByCubby,woodturning,1
WoodturningByCubby,rollerball,1
WoodturningByCubby,purple,1
WoodturningByCubby,pen,1
WoodturningByCubby,office,1
PurelySouthern,wedding_invitations,1
PurelySouthern,wedding,1
PurelySouthern,vintage,1
PurelySouthern,stationery,1
PurelySouthern,rhinestone,1
PurelySouthern,partly_menu,1
PurelySouthern,paper_sack_cardstock,1
PurelySouthern,paper_goods,1
PurelySouthern,menus,1
PurelySouthern,menu,1
PurelySouthern,guests,1
PurelySouthern,casual,1
PurelySouthern,card,1
PurelySouthern,bbq,1
PurelySouthern,antiques,1
TwelveRiver,stencil,1
TwelveRiver,print,1
TwelveRiver,art,1
sudsandsuchcreations,fleur_de_lis,2
sudsandsuchcreations,baby,2
sudsandsuchcreations,wreath,1
sudsandsuchcreations,tile,1
sudsandsuchcreations,purse,1
sudsandsuchcreations,pottery,1
sudsandsuchcreations,plaque,1
sudsandsuchcreations,infant,1
sudsandsuchcreations,household,1
sudsandsuchcreations,furniture,1
sudsandsuchcreations,dress_up,1
sudsandsuchcreations,diaper_cake,1
sudsandsuchcreations,diaper_bag,1
sudsandsuchcreations,costume,1
sudsandsuchcreations,coaster,1
sudsandsuchcreations,clothing,1
sudsandsuchcreations,children,1
sudsandsuchcreations,ceramin,1
sudsandsuchcreations,canvas_tote,1
sudsandsuchcreations,black,1
sudsandsuchcreations,bags_and_purses,1
sudsandsuchcreations,bag,1
sudsandsuchcreations,baby_gift,1
katharinebeech,ring,1
katharinebeech,red,1
katharinebeech,pink,1
katharinebeech,pendent,1
katharinebeech,orange,1
katharinebeech,necklace,1
katharinebeech,metal,1
katharinebeech,jewelry,1
katharinebeech,flower,1
katharinebeech,chain,1
HairBejeweled,toddler,3
HairBejeweled,girl,3
HairBejeweled,gerber_daisy,3
HairBejeweled,flower,3
HairBejeweled,children,3
HairBejeweled,baby,3
HairBejeweled,adult,3
HairBejeweled,zebra_print,2
HairBejeweled,jewel_rhinestone,2
HairBejeweled,hair_clip,2
HairBejeweled,hair,2
HairBejeweled,accessories,2
HairBejeweled,turquoise,1
HairBejeweled,rhinestone_jewel,1
HairBejeweled,red,1
HairBejeweled,lime_green,1
HairBejeweled,light_purple_lilac,1
HairBejeweled,infant,1
HairBejeweled,clip,1
HairBejeweled,child,1
Anyplace,window_growing,1
Anyplace,window_box,1
Anyplace,window,1
Anyplace,vertical_gardening,1
Anyplace,spice,1
Anyplace,small_spaces,1
Anyplace,plants_and_edibles,1
Anyplace,plant,1
Anyplace,indoor,1
Anyplace,holder,1
Anyplace,herbs,1
Anyplace,herb,1
Anyplace,garden,1
Anyplace,flora,1
Anyplace,apartment,1
syntaxi,western,1
syntaxi,unique,1
syntaxi,steampunk,1
syntaxi,sharp,1
syntaxi,leather,1
syntaxi,imbibe,1
syntaxi,handmade,1
syntaxi,flask,1
syntaxi,cork,1
syntaxi,charm,1
syntaxi,brown,1
syntaxi,bottle,1
syntaxi,blue,1
syntaxi,accessories,1
hippichictiedyes,women,2
hippichictiedyes,skirt,2
hippichictiedyes,yellow,1
hippichictiedyes,summer,1
hippichictiedyes,soft,1
hippichictiedyes,light_blue,1
hippichictiedyes,jersey,1
hippichictiedyes,cotton,1
hippichictiedyes,clothing,1
hippichictiedyes,blue,1
laurakast,party_favor,2
laurakast,metallic,2
laurakast,wedding,1
laurakast,strung,1
laurakast,strand,1
laurakast,small,1
laurakast,silver,1
laurakast,paper_goods,1
laurakast,paper_anniversary,1
laurakast,origami,1
laurakast,orange,1
laurakast,large,1
laurakast,hung,1
laurakast,hand_made,1
laurakast,green,1
laurakast,gold,1
laurakast,engagement,1
laurakast,cranes,1
laurakast,crane,1
laurakast,brown,1
laurakast,blue,1
laurakast,anniversary,1
EclecticPast,wall_hanging,1
EclecticPast,vintage,1
EclecticPast,housewares,1
EclecticPast,home_decor,1
EclecticPast,furniture,1
EclecticPast,compact,1
EclecticPast,antique,1
EclecticPast,accessories,1
EclecticPast,75_to_100_years,1
msmaxidresses,women,1
msmaxidresses,dress,1
msmaxidresses,clothing,1
ashleybingman,purse,2
ashleybingman,yellow,1
ashleybingman,sleeveless,1
ashleybingman,size_6,1
ashleybingman,shirt,1
ashleybingman,handmade,1
ashleybingman,handbag,1
ashleybingman,girls,1
ashleybingman,girl,1
ashleybingman,fully_lined,1
ashleybingman,cotton,1
ashleybingman,clothing,1
ashleybingman,children,1
ashleybingman,butterfly,1
ashleybingman,bags_and_purses,1
FloridaOceanArt,lithograph,2
FloridaOceanArt,vacation,1
FloridaOceanArt,tropical,1
FloridaOceanArt,sea,1
FloridaOceanArt,scuba,1
FloridaOceanArt,print,1
FloridaOceanArt,porpoise,1
FloridaOceanArt,ocean,1
FloridaOceanArt,michael_alexander,1
FloridaOceanArt,florida_keys,1
FloridaOceanArt,florida,1
FloridaOceanArt,dolphin,1
FloridaOceanArt,beach,1
FloridaOceanArt,bahamas,1
FloridaOceanArt,art,1
Agirlcalledlaurie,handmade,4
Agirlcalledlaurie,personalised,3
Agirlcalledlaurie,card,3
Agirlcalledlaurie,acrylic,3
Agirlcalledlaurie,sympathy,2
Agirlcalledlaurie,stamp,2
Agirlcalledlaurie,portrait,2
Agirlcalledlaurie,painting,2
Agirlcalledlaurie,hand_drawn,2
Agirlcalledlaurie,congratulations,2
Agirlcalledlaurie,canvas,2
Agirlcalledlaurie,bird,2
Agirlcalledlaurie,art,2
Agirlcalledlaurie,sorry,1
Agirlcalledlaurie,portraits,1
Agirlcalledlaurie,pen,1
Agirlcalledlaurie,paper_goods,1
Agirlcalledlaurie,owl,1
Agirlcalledlaurie,cards,1
Agirlcalledlaurie,baby_announcement,1
Agirlcalledlaurie,baby,1
DMonaco71,gift,6
DMonaco71,bible_study,6
DMonaco71,beach,6
DMonaco71,cross,3
DMonaco71,totes,1
DMonaco71,tote,1
DMonaco71,purses,1
DMonaco71,hand_painted_bags,1
DMonaco71,flower_tote,1
DMonaco71,flower_purse,1
DMonaco71,floral_tote,1
DMonaco71,bags_and_purses,1
Emersonward,painting,1
Emersonward,art,1
Emersonward,acrylic,1
wenhub,necklace,1
wenhub,jewelry,1
wenhub,beaded,1
SirajRKhan,woods,1
SirajRKhan,watercolor,1
SirajRKhan,water,1
SirajRKhan,tree,1
SirajRKhan,thorn,1
SirajRKhan,siraj,1
SirajRKhan,scenery,1
SirajRKhan,scene,1
SirajRKhan,river,1
SirajRKhan,painting,1
SirajRKhan,nature,1
SirajRKhan,mountain,1
SirajRKhan,modern,1
SirajRKhan,jesus,1
SirajRKhan,gift,1
SirajRKhan,forest,1
SirajRKhan,drawing,1
SirajRKhan,crown,1
SirajRKhan,colour,1
SirajRKhan,color,1
SirajRKhan,christ,1
SirajRKhan,canvas,1
SirajRKhan,art,1
StudioIM,vinyl,17
StudioIM,macbook,17
StudioIM,mac,17
StudioIM,ipad,17
StudioIM,decals,17
StudioIM,decal,17
StudioIM,apple,17
StudioIM,air,17
StudioIM,sticker,6
StudioIM,yoshi,2
StudioIM,super,1
StudioIM,son_of_apple,1
StudioIM,snow_white,1
StudioIM,silver_dandelion,1
StudioIM,molotov,1
StudioIM,mario,1
StudioIM,juice,1
StudioIM,girl,1
StudioIM,geekery,1
StudioIM,futurama,1
StudioIM,elephant,1
StudioIM,converse,1
StudioIM,computer,1
StudioIM,bender,1
StudioIM,banksy,1
StudioIM,accessories,1
serggus,clothing,2
serggus,shirts,1
serggus,shirt,1
serggus,pets,1
serggus,pet_clothing,1
serggus,pet_accessories,1
serggus,pet,1
serggus,outfits,1
serggus,dog_tshirt,1
serggus,dog_shirt,1
serggus,dog_outfits,1
serggus,dog_dress_shirt,1
serggus,dog_clothing,1
serggus,dog,1
serggus,cat_shirt,1
Mancessories,womens,1
Mancessories,vintage,1
Mancessories,shoes,1
Mancessories,punk,1
Mancessories,leather,1
Mancessories,justin,1
Mancessories,high_boots,1
Mancessories,granny,1
Mancessories,equestrian,1
Mancessories,dress_boots,1
Mancessories,combat,1
Mancessories,boot,1
Mancessories,black_boots,1
Mancessories,accessories,1
madtoxicbling,zebra,1
madtoxicbling,yellow,1
madtoxicbling,women,1
madtoxicbling,white,1
madtoxicbling,velcro,1
madtoxicbling,tech,1
madtoxicbling,swarovski,1
madtoxicbling,skull,1
madtoxicbling,rhinestone,1
madtoxicbling,red,1
madtoxicbling,pink,1
madtoxicbling,peach,1
madtoxicbling,peace_sign,1
madtoxicbling,one_size_fits_most,1
madtoxicbling,lime_green,1
madtoxicbling,khaki,1
madtoxicbling,irridescent,1
madtoxicbling,initial,1
madtoxicbling,hat,1
madtoxicbling,flower,1
madtoxicbling,feather,1
madtoxicbling,faith,1
madtoxicbling,fabric,1
madtoxicbling,embellished,1
madtoxicbling,double,1
madtoxicbling,crystal,1
madtoxicbling,cancer,1
madtoxicbling,camo,1
madtoxicbling,cadet,1
madtoxicbling,button,1
madtoxicbling,brown,1
madtoxicbling,bright,1
madtoxicbling,breast,1
madtoxicbling,bow,1
madtoxicbling,black,1
madtoxicbling,bird,1
madtoxicbling,applique,1
madtoxicbling,accessories,1
muroboo,headpiece,1
muroboo,hat,1
muroboo,accessories,1
DigitalMercenaryArts,print,1
DigitalMercenaryArts,digital,1
DigitalMercenaryArts,art,1
CupcakeFromMars,painting,1
CupcakeFromMars,canvas,1
CupcakeFromMars,art,1
StandAgainstSuicide,sweatshirt,1
StandAgainstSuicide,painting,1
StandAgainstSuicide,oil,1
StandAgainstSuicide,hoodie,1
StandAgainstSuicide,clothing,1
StandAgainstSuicide,art,1
mybuckeyefarms,succulents,1
mybuckeyefarms,succulent,1
mybuckeyefarms,stonecrop,1
mybuckeyefarms,sedum_voodoo,1
mybuckeyefarms,sedum_ruby_mantle,1
mybuckeyefarms,sedum_plants,1
mybuckeyefarms,sedum_jelly_bean,1
mybuckeyefarms,sedum,1
mybuckeyefarms,rubrotinctum,1
mybuckeyefarms,pork_and_bean_plant,1
mybuckeyefarms,plants_and_edibles,1
mybuckeyefarms,plant,1
mybuckeyefarms,live_plant,1
mybuckeyefarms,ground_cover,1
mybuckeyefarms,dr_john_creech,1
mybuckeyefarms,album_athoum,1
WestYorkshireLass,silhouette,5
WestYorkshireLass,black_and_white,4
WestYorkshireLass,wedding,3
WestYorkshireLass,pink,3
WestYorkshireLass,love,3
WestYorkshireLass,canvas,3
WestYorkshireLass,red,2
WestYorkshireLass,blue,2
WestYorkshireLass,acrylic,2
WestYorkshireLass,yellow,1
WestYorkshireLass,stag,1
WestYorkshireLass,squirrel,1
WestYorkshireLass,rabbit,1
WestYorkshireLass,painting,1
WestYorkshireLass,heart,1
WestYorkshireLass,giraffe,1
WestYorkshireLass,gift,1
WestYorkshireLass,deer,1
WestYorkshireLass,church,1
WestYorkshireLass,birds,1
WestYorkshireLass,bird,1
WestYorkshireLass,balloon,1
WestYorkshireLass,art,1
bellabeewaxcandles,special_gift,1
bellabeewaxcandles,soft_scent_of_honey,1
bellabeewaxcandles,pure_beeswax,1
bellabeewaxcandles,pillar,1
bellabeewaxcandles,natural_candle,1
bellabeewaxcandles,hand_made,1
bellabeewaxcandles,eco_friendly,1
bellabeewaxcandles,candles,1
bellabeewaxcandles,beeswax,1
abuttonforbutton,tutu,2
abuttonforbutton,tulle,2
abuttonforbutton,ballet_dancer,2
abuttonforbutton,ballerina,2
abuttonforbutton,white,1
abuttonforbutton,skirt,1
abuttonforbutton,rainbow,1
abuttonforbutton,pink,1
abuttonforbutton,clothing,1
abuttonforbutton,children,1
abuttonforbutton,blue,1
BlackbirdStudioUK,st_martins,1
BlackbirdStudioUK,sex_pistols,1
BlackbirdStudioUK,david_rhys_jones,1
BlackbirdStudioUK,ceramic,1
BlackbirdStudioUK,blackbird_studio,1
BlackbirdStudioUK,art,1
ChronicDesigns,tshirt,1
ChronicDesigns,political,1
ChronicDesigns,clothing,1
yenphan89,holiday,2
yenphan89,get_well,2
yenphan89,friendship,2
yenphan89,forever,2
yenphan89,cards,2
yenphan89,birthday,2
yenphan89,quirky,1
yenphan89,print,1
yenphan89,penguins,1
yenphan89,orange,1
yenphan89,monsters,1
yenphan89,graphic_design,1
yenphan89,friendship_card,1
yenphan89,friends,1
yenphan89,freaky,1
yenphan89,eyeballs,1
yenphan89,digital,1
yenphan89,creepy,1
yenphan89,cold,1
yenphan89,chill,1
yenphan89,boyfriend,1
yenphan89,art,1
yenphan89,3d_eye,1
handicraftbeads,jewelry,2
handicraftbeads,bracelet,2
handicraftbeads,ring,1
handicraftbeads,pendant,1
handicraftbeads,pandora_style,1
handicraftbeads,pandora,1
handicraftbeads,necklace,1
handicraftbeads,gift,1
handicraftbeads,earrings,1
handicraftbeads,charm_bracelet,1
handicraftbeads,blue,1
handicraftbeads,beaded,1
handicraftbeads,925_sterling_silver,1
HVJewellery,button,8
HVJewellery,vintage,7
HVJewellery,earring,5
HVJewellery,statement,4
HVJewellery,silver,3
HVJewellery,large,3
HVJewellery,green,3
HVJewellery,floral,3
HVJewellery,big,3
HVJewellery,white,2
HVJewellery,small,2
HVJewellery,plastic,2
HVJewellery,hair_pin,2
HVJewellery,hair_grip,2
HVJewellery,hair_clip,2
HVJewellery,gold_colour,2
HVJewellery,gold,2
HVJewellery,flower,2
HVJewellery,elegant,2
HVJewellery,chunky,2
HVJewellery,yellow,1
HVJewellery,vintage_style,1
HVJewellery,tribal,1
HVJewellery,stone,1
HVJewellery,sky_blue,1
HVJewellery,round,1
HVJewellery,ring,1
HVJewellery,red,1
HVJewellery,purple,1
HVJewellery,pink,1
HVJewellery,pale_blue,1
HVJewellery,orange,1
HVJewellery,lilac,1
HVJewellery,jewelry,1
HVJewellery,hair,1
HVJewellery,gem,1
HVJewellery,earrings,1
HVJewellery,diamond_shape,1
HVJewellery,diamante,1
HVJewellery,cream,1
HVJewellery,circle,1
HVJewellery,cameo,1
HVJewellery,broach,1
HVJewellery,bouquet,1
HVJewellery,bobby_pin,1
HVJewellery,blue,1
HVJewellery,black_stone,1
HVJewellery,amber,1
HVJewellery,african_style,1
HVJewellery,adjustable,1
HVJewellery,accessories,1
